{"cameraMode":{"drawMode":0,"name":"Shaded","section":"Shading Mode"},"sceneLighting":false,"audioPlay":false,"sceneViewState":{"m_AlwaysRefresh":false,"showFog":true,"showSkybox":false,"showFlares":true,"showImageEffects":true,"showParticleSystems":true,"showVisualEffectGraphs":true,"m_FxEnabled":true},"in2DMode":false,"pivot":{"x":17.767242431640626,"y":4.737312316894531,"z":-20.938705444335939},"rotation":{"x":0.1804339587688446,"y":0.06396806240081787,"z":-0.012049487791955471,"w":0.9815785884857178},"size":212.3639373779297,"orthographic":false}